TRACK,OFFSET,NEXTAGE,CYCLE,AU,IFM,ORIGIN,SILV_STATE,RETENTION
<<<<<<< HEAD
1,0,0,0,985502004,unmanaged,planted,cc_pl,0.443400273915395
2,0,0,0,985502004,managed,planted,cc_pl,0.443400273915395
3,0,0,0,985503001,unmanaged,planted,cc_pl,0.05
4,0,0,0,985503001,managed,planted,cc_pl,0.05
5,0,0,0,985503001,managed,planted,cc_pl_pct,0.05
6,0,0,0,985502003,unmanaged,planted,cc_pl,0.791965229185507
7,0,0,0,985502003,managed,planted,cc_pl,0.791965229185507
8,0,0,0,985503000,unmanaged,planted,cc_pl,0.05
9,0,0,0,985503000,managed,planted,cc_pl,0.05
10,0,0,0,985503000,managed,planted,cc_pl_pct,0.05
11,0,0,0,985502004,unmanaged,planted,cc_pl,0.87507664769709
12,0,0,0,985502004,managed,planted,cc_pl,0.87507664769709
13,0,0,0,985501003,unmanaged,natural,baseline,0.05
14,0,0,0,985501003,managed,natural,baseline,0.05
15,0,0,0,985501003,managed,planted,cc_pl,0.05
16,0,0,0,985501001,unmanaged,planted,cc_pl,0.192995940536949
17,0,0,0,985501001,managed,planted,cc_pl,0.192995940536949
18,0,0,0,985502002,unmanaged,natural,baseline,0.05
19,0,0,0,985502002,managed,natural,baseline,0.05
20,0,0,0,985502002,managed,planted,cc_pl,0.05
21,0,0,0,985503000,unmanaged,planted,cc_pl,0.697286055680556
22,0,0,0,985503000,managed,planted,cc_pl,0.697286055680556
23,0,0,0,985503000,managed,planted,cc_pl_pct,0.697286055680556
24,0,0,0,985501000,unmanaged,planted,cc_pl,0.05
25,0,0,0,985501000,managed,planted,cc_pl,0.05
26,0,0,0,985502001,unmanaged,planted,cc_pl,0.256364774617248
27,0,0,0,985502001,managed,planted,cc_pl,0.256364774617248
28,0,0,0,985502001,managed,planted,cc_pl_pct,0.256364774617248
29,0,0,0,985502001,unmanaged,planted,cc_pl,0.109045685782857
30,0,0,0,985502001,managed,planted,cc_pl,0.109045685782857
31,0,0,0,985502001,managed,planted,cc_pl_pct,0.109045685782857
32,0,0,0,985503003,unmanaged,natural,baseline,0.266253246278669
33,0,0,0,985503003,managed,natural,baseline,0.266253246278669
34,0,0,0,985503003,managed,planted,cc_pl,0.266253246278669
35,0,0,0,985501000,unmanaged,natural,baseline,0.315909830740789
36,0,0,0,985501000,managed,natural,baseline,0.315909830740789
37,0,0,0,985501000,managed,planted,cc_pl,0.315909830740789
38,0,0,0,985502002,unmanaged,natural,baseline,0.797504954319513
39,0,0,0,985502002,managed,natural,baseline,0.797504954319513
40,0,0,0,985502002,managed,planted,cc_pl,0.797504954319513
41,0,0,0,985502003,unmanaged,natural,baseline,0.969245694798794
42,0,0,0,985502003,managed,natural,baseline,0.969245694798794
43,0,0,0,985502003,managed,planted,cc_pl,0.969245694798794
44,0,0,0,985503001,unmanaged,planted,cc_pl,0.061148789532034
45,0,0,0,985503001,managed,planted,cc_pl,0.061148789532034
46,0,0,0,985503001,managed,planted,cc_pl_pct,0.061148789532034
47,0,0,0,985503000,unmanaged,natural,baseline,0.13742577067684
48,0,0,0,985503000,managed,natural,baseline,0.13742577067684
49,0,0,0,985503000,managed,planted,cc_pl,0.13742577067684
50,0,0,0,985503000,managed,planted,cc_pl_pct,0.13742577067684
51,0,0,0,985501000,unmanaged,natural,baseline,0.107125654874757
52,0,0,0,985501000,managed,natural,baseline,0.107125654874757
53,0,0,0,985501000,managed,planted,cc_pl,0.107125654874757
54,0,0,0,985502006,unmanaged,natural,baseline,1.0
55,0,0,0,985501000,unmanaged,planted,cc_pl,0.642636296932827
56,0,0,0,985501000,managed,planted,cc_pl,0.642636296932827
57,0,0,0,985503000,unmanaged,planted,cc_pl,0.109691040645367
58,0,0,0,985503000,managed,planted,cc_pl,0.109691040645367
59,0,0,0,985503000,managed,planted,cc_pl_pct,0.109691040645367
60,0,0,0,985502007,unmanaged,natural,baseline,0.431271423681445
61,0,0,0,985502007,managed,natural,baseline,0.431271423681445
62,0,0,0,985502007,managed,planted,cc_pl,0.431271423681445
63,0,0,0,985502001,unmanaged,planted,cc_pl,0.05
64,0,0,0,985502001,managed,planted,cc_pl,0.05
65,0,0,0,985502001,managed,planted,cc_pl_pct,0.05
66,0,0,0,985503000,unmanaged,planted,cc_pl,0.306905448114809
67,0,0,0,985503000,managed,planted,cc_pl,0.306905448114809
68,0,0,0,985503000,managed,planted,cc_pl_pct,0.306905448114809
69,0,0,0,985503003,unmanaged,natural,baseline,0.787350166556645
70,0,0,0,985503003,managed,natural,baseline,0.787350166556645
71,0,0,0,985503003,managed,planted,cc_pl,0.787350166556645
72,0,0,0,985502002,unmanaged,natural,baseline,0.856396395392073
73,0,0,0,985502002,managed,natural,baseline,0.856396395392073
74,0,0,0,985502002,managed,planted,cc_pl,0.856396395392073
75,0,0,0,985502002,unmanaged,natural,baseline,0.647465729859521
76,0,0,0,985502002,managed,natural,baseline,0.647465729859521
77,0,0,0,985502002,managed,planted,cc_pl,0.647465729859521
78,0,0,0,985501001,unmanaged,natural,baseline,0.088976458379443
79,0,0,0,985501001,managed,natural,baseline,0.088976458379443
80,0,0,0,985501001,managed,planted,cc_pl,0.088976458379443
81,0,0,0,985501003,unmanaged,natural,baseline,0.918249076504804
82,0,0,0,985501003,managed,natural,baseline,0.918249076504804
83,0,0,0,985501003,managed,planted,cc_pl,0.918249076504804
84,0,0,0,985502003,unmanaged,natural,baseline,0.05
85,0,0,0,985502003,managed,natural,baseline,0.05
86,0,0,0,985502003,managed,planted,cc_pl,0.05
87,0,0,0,985502002,unmanaged,planted,cc_pl,0.05
88,0,0,0,985503000,unmanaged,planted,cc_pl,0.125341138543193
89,0,0,0,985503000,managed,planted,cc_pl,0.125341138543193
90,0,0,0,985503000,managed,planted,cc_pl_pct,0.125341138543193
91,0,0,0,985501000,unmanaged,natural,baseline,0.05
92,0,0,0,985501000,managed,natural,baseline,0.05
93,0,0,0,985501001,unmanaged,planted,cc_pl,0.05
94,0,0,0,985501001,managed,planted,cc_pl,0.05
95,0,0,0,985501003,unmanaged,natural,baseline,0.060493855449006
96,0,0,0,985501003,managed,natural,baseline,0.060493855449006
97,0,0,0,985501003,managed,planted,cc_pl,0.060493855449006
98,0,0,0,985502004,unmanaged,planted,cc_pl,0.283109415262228
99,0,0,0,985502004,managed,planted,cc_pl,0.283109415262228
100,0,0,0,985501001,unmanaged,planted,cc_pl,0.481833114952294
101,0,0,0,985501001,managed,planted,cc_pl,0.481833114952294
102,0,0,0,985503003,unmanaged,natural,baseline,0.05
103,0,0,0,985503003,managed,natural,baseline,0.05
104,0,0,0,985503003,managed,planted,cc_pl,0.05
105,0,0,0,985502002,unmanaged,natural,baseline,0.983969345894882
106,0,0,0,985502002,managed,natural,baseline,0.983969345894882
107,0,0,0,985502002,managed,planted,cc_pl,0.983969345894882
108,0,0,0,985502002,unmanaged,natural,baseline,0.99308245193052
109,0,0,0,985502002,managed,natural,baseline,0.99308245193052
110,0,0,0,985502002,managed,planted,cc_pl,0.99308245193052
111,0,0,0,985502004,unmanaged,planted,cc_pl,0.692631972894238
112,0,0,0,985502004,managed,planted,cc_pl,0.692631972894238
113,0,0,0,985502002,unmanaged,natural,baseline,0.263349540881975
114,0,0,0,985502002,managed,natural,baseline,0.263349540881975
115,0,0,0,985502002,managed,planted,cc_pl,0.263349540881975
116,0,0,0,985502004,unmanaged,planted,cc_pl,0.880653470438087
117,0,0,0,985502004,managed,planted,cc_pl,0.880653470438087
118,0,0,0,985501001,unmanaged,planted,cc_pl,0.276734032554309
119,0,0,0,985501001,managed,planted,cc_pl,0.276734032554309
120,0,0,0,985502002,unmanaged,natural,baseline,0.905426141345948
121,0,0,0,985502002,managed,natural,baseline,0.905426141345948
122,0,0,0,985502002,managed,planted,cc_pl,0.905426141345948
123,0,0,0,985502002,unmanaged,natural,baseline,0.999999998093355
124,0,0,0,985502008,unmanaged,natural,baseline,1.0
125,0,0,0,985503000,unmanaged,natural,baseline,0.05
126,0,0,0,985503000,managed,natural,baseline,0.05
127,0,0,0,985502002,unmanaged,natural,baseline,0.984924030059899
128,0,0,0,985502002,managed,natural,baseline,0.984924030059899
129,0,0,0,985502002,managed,planted,cc_pl,0.984924030059899
130,0,0,0,985503000,unmanaged,planted,cc_pl,0.724304088712463
131,0,0,0,985503000,managed,planted,cc_pl,0.724304088712463
132,0,0,0,985503000,managed,planted,cc_pl_pct,0.724304088712463
133,0,0,0,985503000,unmanaged,planted,cc_pl,0.664856882526568
134,0,0,0,985503000,managed,planted,cc_pl,0.664856882526568
135,0,0,0,985503000,managed,planted,cc_pl_pct,0.664856882526568
136,0,0,0,985501000,unmanaged,planted,cc_pl,0.179407551690969
137,0,0,0,985501000,managed,planted,cc_pl,0.179407551690969
138,0,0,0,985502002,unmanaged,natural,baseline,0.829267594682657
139,0,0,0,985502002,managed,natural,baseline,0.829267594682657
140,0,0,0,985502002,managed,planted,cc_pl,0.829267594682657
141,0,0,0,985502001,unmanaged,natural,baseline,0.387966376276418
142,0,0,0,985502001,managed,natural,baseline,0.387966376276418
143,0,0,0,985502001,managed,planted,cc_pl,0.387966376276418
144,0,0,0,985502001,managed,planted,cc_pl_pct,0.387966376276418
145,0,0,0,985501001,unmanaged,natural,baseline,0.05
146,0,0,0,985501001,managed,natural,baseline,0.05
147,0,0,0,985503000,unmanaged,planted,cc_pl,0.696342443313027
148,0,0,0,985503000,managed,planted,cc_pl,0.696342443313027
149,0,0,0,985503000,managed,planted,cc_pl_pct,0.696342443313027
150,0,0,0,985502002,unmanaged,planted,cc_pl,0.294177022183957
151,0,0,0,985502002,managed,planted,cc_pl,0.294177022183957
152,0,0,0,985503000,unmanaged,planted,cc_pl,0.819207410730288
153,0,0,0,985503000,managed,planted,cc_pl,0.819207410730288
154,0,0,0,985503000,managed,planted,cc_pl_pct,0.819207410730288
155,0,0,0,985503003,unmanaged,natural,baseline,0.756670517888114
156,0,0,0,985503003,managed,natural,baseline,0.756670517888114
157,0,0,0,985503003,managed,planted,cc_pl,0.756670517888114
158,0,0,0,985502002,unmanaged,natural,baseline,0.973328347569653
159,0,0,0,985502002,managed,natural,baseline,0.973328347569653
160,0,0,0,985502002,managed,planted,cc_pl,0.973328347569653
161,0,0,0,985502002,unmanaged,natural,baseline,0.727976318289745
162,0,0,0,985502002,managed,natural,baseline,0.727976318289745
163,0,0,0,985502002,managed,planted,cc_pl,0.727976318289745
164,0,0,0,985503003,unmanaged,planted,cc_pl,0.05
165,0,0,0,985503000,unmanaged,planted,cc_pl,0.493085503042317
166,0,0,0,985503000,managed,planted,cc_pl,0.493085503042317
167,0,0,0,985503000,managed,planted,cc_pl_pct,0.493085503042317
168,0,0,0,985501000,unmanaged,planted,cc_pl,0.113468402321016
169,0,0,0,985501000,managed,planted,cc_pl,0.113468402321016
170,0,0,0,985503000,unmanaged,natural,baseline,0.597495554911791
171,0,0,0,985503000,managed,natural,baseline,0.597495554911791
172,0,0,0,985503000,managed,planted,cc_pl,0.597495554911791
173,0,0,0,985503000,managed,planted,cc_pl_pct,0.597495554911791
174,0,0,0,985502007,unmanaged,natural,baseline,0.615485295018412
175,0,0,0,985502007,managed,natural,baseline,0.615485295018412
176,0,0,0,985502007,managed,planted,cc_pl,0.615485295018412
177,0,0,0,985502002,unmanaged,natural,baseline,0.653500058405207
178,0,0,0,985502002,managed,natural,baseline,0.653500058405207
179,0,0,0,985502002,managed,planted,cc_pl,0.653500058405207
180,0,0,0,985502002,unmanaged,natural,baseline,0.340463370629977
181,0,0,0,985502002,managed,natural,baseline,0.340463370629977
182,0,0,0,985502002,managed,planted,cc_pl,0.340463370629977
183,0,0,0,985503001,unmanaged,planted,cc_pl,0.334199542823614
184,0,0,0,985503001,managed,planted,cc_pl,0.334199542823614
185,0,0,0,985503001,managed,planted,cc_pl_pct,0.334199542823614
186,0,0,0,985501003,unmanaged,natural,baseline,0.849119330200394
187,0,0,0,985501003,managed,natural,baseline,0.849119330200394
188,0,0,0,985501003,managed,planted,cc_pl,0.849119330200394
189,0,0,0,985502006,unmanaged,natural,baseline,0.99
190,0,0,0,985502006,managed,natural,baseline,0.99
191,0,0,0,985502006,managed,planted,cc_pl,0.99
192,0,0,0,985502001,unmanaged,planted,cc_pl,0.06575112932525
193,0,0,0,985502001,managed,planted,cc_pl,0.06575112932525
194,0,0,0,985502001,managed,planted,cc_pl_pct,0.06575112932525
195,0,0,0,985503000,unmanaged,planted,cc_pl,0.061851991723474
196,0,0,0,985503000,managed,planted,cc_pl,0.061851991723474
197,0,0,0,985503000,managed,planted,cc_pl_pct,0.061851991723474
198,0,0,0,985502002,unmanaged,natural,baseline,0.474136880122253
199,0,0,0,985502002,managed,natural,baseline,0.474136880122253
200,0,0,0,985502002,managed,planted,cc_pl,0.474136880122253
201,0,0,0,985502004,unmanaged,planted,cc_pl,0.95223817062328
202,0,0,0,985502004,managed,planted,cc_pl,0.95223817062328
203,0,0,0,985502002,unmanaged,natural,baseline,0.074049720517391
204,0,0,0,985502002,managed,natural,baseline,0.074049720517391
205,0,0,0,985502002,managed,planted,cc_pl,0.074049720517391
206,0,0,0,985502002,unmanaged,natural,baseline,0.113981880538565
207,0,0,0,985502002,managed,natural,baseline,0.113981880538565
208,0,0,0,985502002,managed,planted,cc_pl,0.113981880538565
209,0,0,0,985503000,unmanaged,planted,cc_pl,0.096416322326649
210,0,0,0,985503000,managed,planted,cc_pl,0.096416322326649
211,0,0,0,985503000,managed,planted,cc_pl_pct,0.096416322326649
212,0,0,0,985503000,unmanaged,natural,baseline,0.626943615641167
213,0,0,0,985503000,managed,natural,baseline,0.626943615641167
214,0,0,0,985503000,managed,planted,cc_pl,0.626943615641167
215,0,0,0,985503000,managed,planted,cc_pl_pct,0.626943615641167
216,0,0,0,985502002,unmanaged,natural,baseline,0.987568989668142
217,0,0,0,985502002,managed,natural,baseline,0.987568989668142
218,0,0,0,985502002,managed,planted,cc_pl,0.987568989668142
219,0,0,0,985501000,unmanaged,planted,cc_pl,0.823735930413721
220,0,0,0,985501000,managed,planted,cc_pl,0.823735930413721
221,0,0,0,985503001,unmanaged,planted,cc_pl,0.213902971760097
222,0,0,0,985503001,managed,planted,cc_pl,0.213902971760097
223,0,0,0,985503001,managed,planted,cc_pl_pct,0.213902971760097
224,0,0,0,985502003,unmanaged,natural,baseline,0.40433584798055
225,0,0,0,985502003,managed,natural,baseline,0.40433584798055
226,0,0,0,985502003,managed,planted,cc_pl,0.40433584798055
227,0,0,0,985501003,unmanaged,natural,baseline,0.97198829866294
228,0,0,0,985501003,managed,natural,baseline,0.97198829866294
229,0,0,0,985501003,managed,planted,cc_pl,0.97198829866294
230,0,0,0,985502002,unmanaged,natural,baseline,0.958070839841107
231,0,0,0,985502002,managed,natural,baseline,0.958070839841107
232,0,0,0,985502002,managed,planted,cc_pl,0.958070839841107
233,0,0,0,985503000,unmanaged,planted,cc_pl,0.26189834184947
234,0,0,0,985503000,managed,planted,cc_pl,0.26189834184947
235,0,0,0,985503000,managed,planted,cc_pl_pct,0.26189834184947
236,0,0,0,985502001,unmanaged,planted,cc_pl,0.05556909723678
237,0,0,0,985502001,managed,planted,cc_pl,0.05556909723678
238,0,0,0,985502001,managed,planted,cc_pl_pct,0.05556909723678
239,0,0,0,985502004,unmanaged,planted,cc_pl,0.814506031730542
240,0,0,0,985502004,managed,planted,cc_pl,0.814506031730542
241,0,0,0,985503003,unmanaged,natural,baseline,0.889519476750209
242,0,0,0,985503003,managed,natural,baseline,0.889519476750209
243,0,0,0,985503003,managed,planted,cc_pl,0.889519476750209
244,0,0,0,985503000,unmanaged,planted,cc_pl,0.93709462965681
245,0,0,0,985503000,managed,planted,cc_pl,0.93709462965681
246,0,0,0,985503000,managed,planted,cc_pl_pct,0.93709462965681
247,0,0,0,985502002,unmanaged,natural,baseline,0.833220659203225
248,0,0,0,985502002,managed,natural,baseline,0.833220659203225
249,0,0,0,985502002,managed,planted,cc_pl,0.833220659203225
250,0,0,0,985503003,unmanaged,planted,cc_pl,0.074853502067722
251,0,0,0,985503003,managed,planted,cc_pl,0.074853502067722
252,0,0,0,985503001,unmanaged,planted,cc_pl,0.145641414152893
253,0,0,0,985503001,managed,planted,cc_pl,0.145641414152893
254,0,0,0,985503001,managed,planted,cc_pl_pct,0.145641414152893
255,0,0,0,985503000,unmanaged,planted,cc_pl,0.552578091945028
256,0,0,0,985503000,managed,planted,cc_pl,0.552578091945028
257,0,0,0,985503000,managed,planted,cc_pl_pct,0.552578091945028
258,0,0,0,985501001,unmanaged,natural,baseline,0.139867799223279
259,0,0,0,985501001,managed,natural,baseline,0.139867799223279
260,0,0,0,985501001,managed,planted,cc_pl,0.139867799223279
261,0,0,0,985503000,unmanaged,natural,baseline,0.277645200267257
262,0,0,0,985503000,managed,natural,baseline,0.277645200267257
263,0,0,0,985503000,managed,planted,cc_pl,0.277645200267257
264,0,0,0,985503000,managed,planted,cc_pl_pct,0.277645200267257
265,0,0,0,985502004,unmanaged,planted,cc_pl,0.910156678856605
266,0,0,0,985502004,managed,planted,cc_pl,0.910156678856605
267,0,0,0,985503001,unmanaged,planted,cc_pl,0.580686326025344
268,0,0,0,985503001,managed,planted,cc_pl,0.580686326025344
269,0,0,0,985503001,managed,planted,cc_pl_pct,0.580686326025344
270,0,0,0,985503000,unmanaged,planted,cc_pl,0.250892912623046
271,0,0,0,985503000,managed,planted,cc_pl,0.250892912623046
272,0,0,0,985503000,managed,planted,cc_pl_pct,0.250892912623046
273,0,0,0,985502003,unmanaged,planted,cc_pl,0.71911042280004
274,0,0,0,985502003,managed,planted,cc_pl,0.71911042280004
275,0,0,0,985502001,unmanaged,planted,cc_pl,0.131841855314046
276,0,0,0,985502001,managed,planted,cc_pl,0.131841855314046
277,0,0,0,985502001,managed,planted,cc_pl_pct,0.131841855314046
278,0,0,0,985502004,unmanaged,planted,cc_pl,0.270071273103092
279,0,0,0,985502004,managed,planted,cc_pl,0.270071273103092
280,0,0,0,985502002,unmanaged,natural,baseline,0.123776750335709
281,0,0,0,985502002,managed,natural,baseline,0.123776750335709
282,0,0,0,985502002,managed,planted,cc_pl,0.123776750335709
283,0,0,0,985503003,unmanaged,natural,baseline,0.124528461922935
284,0,0,0,985503003,managed,natural,baseline,0.124528461922935
285,0,0,0,985503003,managed,planted,cc_pl,0.124528461922935
286,0,0,0,985502004,unmanaged,planted,cc_pl,0.724950019390955
287,0,0,0,985502004,managed,planted,cc_pl,0.724950019390955
288,0,0,0,985501000,unmanaged,natural,baseline,0.150508468011859
289,0,0,0,985501000,managed,natural,baseline,0.150508468011859
290,0,0,0,985501000,managed,planted,cc_pl,0.150508468011859
291,0,0,0,985502005,unmanaged,natural,baseline,0.491601340455425
292,0,0,0,985502005,managed,natural,baseline,0.491601340455425
293,0,0,0,985502005,managed,planted,cc_pl,0.491601340455425
294,0,0,0,985503003,unmanaged,natural,baseline,0.319924069436522
295,0,0,0,985503003,managed,natural,baseline,0.319924069436522
296,0,0,0,985503003,managed,planted,cc_pl,0.319924069436522
297,0,0,0,985502008,unmanaged,natural,baseline,0.99
298,0,0,0,985502008,managed,natural,baseline,0.99
299,0,0,0,985502008,managed,planted,cc_pl,0.99
300,0,0,0,985501003,unmanaged,natural,baseline,0.974680040500823
301,0,0,0,985501003,managed,natural,baseline,0.974680040500823
302,0,0,0,985501003,managed,planted,cc_pl,0.974680040500823
303,0,0,0,985502007,unmanaged,natural,baseline,0.074567938243765
304,0,0,0,985502007,managed,natural,baseline,0.074567938243765
305,0,0,0,985502007,managed,planted,cc_pl,0.074567938243765
306,0,0,0,985502007,unmanaged,natural,baseline,0.253683554734833
307,0,0,0,985502007,managed,natural,baseline,0.253683554734833
308,0,0,0,985502007,managed,planted,cc_pl,0.253683554734833
309,0,0,0,985503001,unmanaged,planted,cc_pl,0.104590119656229
310,0,0,0,985503001,managed,planted,cc_pl,0.104590119656229
311,0,0,0,985503001,managed,planted,cc_pl_pct,0.104590119656229
312,0,0,0,985501000,unmanaged,planted,cc_pl,0.823585146192725
313,0,0,0,985501000,managed,planted,cc_pl,0.823585146192725
314,0,0,0,985501000,unmanaged,natural,baseline,0.112373976401362
315,0,0,0,985501000,managed,natural,baseline,0.112373976401362
316,0,0,0,985501000,managed,planted,cc_pl,0.112373976401362
317,0,0,0,985501001,unmanaged,natural,baseline,0.224379590162332
318,0,0,0,985501001,managed,natural,baseline,0.224379590162332
319,0,0,0,985501001,managed,planted,cc_pl,0.224379590162332
320,0,0,0,985503000,unmanaged,natural,baseline,0.133500197448917
321,0,0,0,985503000,managed,natural,baseline,0.133500197448917
322,0,0,0,985503000,managed,planted,cc_pl,0.133500197448917
323,0,0,0,985503000,managed,planted,cc_pl_pct,0.133500197448917
324,0,0,0,985502005,unmanaged,planted,cc_pl,0.05
325,0,0,0,985502005,managed,planted,cc_pl,0.05
326,0,0,0,985503000,unmanaged,natural,baseline,0.062144409433236
327,0,0,0,985503000,managed,natural,baseline,0.062144409433236
328,0,0,0,985503000,managed,planted,cc_pl,0.062144409433236
329,0,0,0,985503000,managed,planted,cc_pl_pct,0.062144409433236
330,0,0,0,985501003,unmanaged,natural,baseline,0.942365979313809
331,0,0,0,985501003,managed,natural,baseline,0.942365979313809
332,0,0,0,985501003,managed,planted,cc_pl,0.942365979313809
333,0,0,0,985501003,unmanaged,natural,baseline,0.057256291664016
334,0,0,0,985501003,managed,natural,baseline,0.057256291664016
335,0,0,0,985501003,managed,planted,cc_pl,0.057256291664016
336,0,0,0,985502003,unmanaged,natural,baseline,0.336828045947211
337,0,0,0,985502003,managed,natural,baseline,0.336828045947211
338,0,0,0,985502003,managed,planted,cc_pl,0.336828045947211
339,0,0,0,985502002,unmanaged,natural,baseline,0.1402438272575
340,0,0,0,985502002,managed,natural,baseline,0.1402438272575
341,0,0,0,985502002,managed,planted,cc_pl,0.1402438272575
342,0,0,0,985503003,unmanaged,natural,baseline,0.368095302163842
343,0,0,0,985503003,managed,natural,baseline,0.368095302163842
344,0,0,0,985503003,managed,planted,cc_pl,0.368095302163842
345,0,0,0,985501000,unmanaged,planted,cc_pl,0.170118769081844
346,0,0,0,985501000,managed,planted,cc_pl,0.170118769081844
347,0,0,0,985502004,unmanaged,planted,cc_pl,0.05
348,0,0,0,985502004,managed,planted,cc_pl,0.05
349,0,0,0,985501000,unmanaged,natural,baseline,0.673439676627074
350,0,0,0,985501000,managed,natural,baseline,0.673439676627074
351,0,0,0,985501000,managed,planted,cc_pl,0.673439676627074
352,0,0,0,985503000,unmanaged,planted,cc_pl,0.149639486788975
353,0,0,0,985503000,managed,planted,cc_pl,0.149639486788975
354,0,0,0,985503000,managed,planted,cc_pl_pct,0.149639486788975
355,0,0,0,985503000,unmanaged,planted,cc_pl,0.105908759200664
356,0,0,0,985503000,managed,planted,cc_pl,0.105908759200664
357,0,0,0,985503000,managed,planted,cc_pl_pct,0.105908759200664
358,0,0,0,985501000,unmanaged,natural,baseline,0.379343632490618
359,0,0,0,985501000,managed,natural,baseline,0.379343632490618
360,0,0,0,985501000,managed,planted,cc_pl,0.379343632490618
361,0,0,0,985502001,unmanaged,planted,cc_pl,0.057651883669773
362,0,0,0,985502001,managed,planted,cc_pl,0.057651883669773
363,0,0,0,985502001,managed,planted,cc_pl_pct,0.057651883669773
364,0,0,0,985502005,unmanaged,planted,cc_pl,0.919010111088934
365,0,0,0,985502005,managed,planted,cc_pl,0.919010111088934
366,0,0,0,985502001,unmanaged,planted,cc_pl,0.187377116144825
367,0,0,0,985502001,managed,planted,cc_pl,0.187377116144825
368,0,0,0,985502001,managed,planted,cc_pl_pct,0.187377116144825
369,0,0,0,985503000,unmanaged,planted,cc_pl,0.068799556993071
370,0,0,0,985503000,managed,planted,cc_pl,0.068799556993071
371,0,0,0,985503000,managed,planted,cc_pl_pct,0.068799556993071
372,0,0,0,985503000,unmanaged,planted,cc_pl,0.242135955684341
373,0,0,0,985503000,managed,planted,cc_pl,0.242135955684341
374,0,0,0,985503000,managed,planted,cc_pl_pct,0.242135955684341
375,0,0,0,985502002,unmanaged,natural,baseline,0.966137599012892
376,0,0,0,985502002,managed,natural,baseline,0.966137599012892
377,0,0,0,985502002,managed,planted,cc_pl,0.966137599012892
378,0,0,0,985503001,unmanaged,natural,baseline,0.05
379,0,0,0,985503001,managed,natural,baseline,0.05
380,0,0,0,985503000,unmanaged,natural,baseline,0.235224524453276
381,0,0,0,985503000,managed,natural,baseline,0.235224524453276
382,0,0,0,985503000,managed,planted,cc_pl,0.235224524453276
383,0,0,0,985503000,managed,planted,cc_pl_pct,0.235224524453276
384,0,0,0,985501001,unmanaged,planted,cc_pl,0.891943738745625
385,0,0,0,985501001,managed,planted,cc_pl,0.891943738745625
386,0,0,0,985503001,unmanaged,planted,cc_pl,0.422112307729351
387,0,0,0,985503001,managed,planted,cc_pl,0.422112307729351
388,0,0,0,985503001,managed,planted,cc_pl_pct,0.422112307729351
389,0,0,0,985501000,unmanaged,planted,cc_pl,0.10631719740532
390,0,0,0,985501000,managed,planted,cc_pl,0.10631719740532
391,0,0,0,985502003,unmanaged,natural,baseline,0.428111323975925
392,0,0,0,985502003,managed,natural,baseline,0.428111323975925
393,0,0,0,985502003,managed,planted,cc_pl,0.428111323975925
394,0,0,0,985503003,unmanaged,natural,baseline,0.123329995068048
395,0,0,0,985503003,managed,natural,baseline,0.123329995068048
396,0,0,0,985503003,managed,planted,cc_pl,0.123329995068048
397,0,0,0,985502001,unmanaged,natural,baseline,0.61531602437613
398,0,0,0,985502001,managed,natural,baseline,0.61531602437613
399,0,0,0,985502001,managed,planted,cc_pl,0.61531602437613
400,0,0,0,985502001,managed,planted,cc_pl_pct,0.61531602437613
401,0,0,0,985503000,unmanaged,planted,cc_pl,0.14122368053025
402,0,0,0,985503000,managed,planted,cc_pl,0.14122368053025
403,0,0,0,985503000,managed,planted,cc_pl_pct,0.14122368053025
=======
1,0,0,0,985502004,unmanaged,planted,cc_pl,0.283129300487711
2,0,0,0,985502004,managed,planted,cc_pl,0.283129300487711
3,0,0,0,985503001,unmanaged,planted,cc_pl,0.039019789881704
4,0,0,0,985503001,managed,planted,cc_pl,0.039019789881704
5,0,0,0,985503001,managed,planted,cc_pl_pct,0.039019789881704
6,0,0,0,985502003,unmanaged,planted,cc_pl,0.512408452505879
7,0,0,0,985502003,managed,planted,cc_pl,0.512408452505879
8,0,0,0,985503000,unmanaged,planted,cc_pl,0.035
9,0,0,0,985503000,managed,planted,cc_pl,0.035
10,0,0,0,985503000,managed,planted,cc_pl_pct,0.035
11,0,0,0,985502004,unmanaged,planted,cc_pl,0.796602216511551
12,0,0,0,985502004,managed,planted,cc_pl,0.796602216511551
13,0,0,0,985501003,unmanaged,natural,baseline,0.035
14,0,0,0,985501003,managed,natural,baseline,0.035
15,0,0,0,985501003,managed,planted,cc_pl,0.035
16,0,0,0,985501001,unmanaged,planted,cc_pl,0.116642935971085
17,0,0,0,985501001,managed,planted,cc_pl,0.116642935971085
18,0,0,0,985502002,unmanaged,natural,baseline,1.0
19,0,0,0,985503000,unmanaged,planted,cc_pl,0.357432909692421
20,0,0,0,985503000,managed,planted,cc_pl,0.357432909692421
21,0,0,0,985503000,managed,planted,cc_pl_pct,0.357432909692421
22,0,0,0,985501000,unmanaged,planted,cc_pl,0.035
23,0,0,0,985501000,managed,planted,cc_pl,0.035
24,0,0,0,985502001,unmanaged,planted,cc_pl,0.078993153077767
25,0,0,0,985502001,managed,planted,cc_pl,0.078993153077767
26,0,0,0,985502001,managed,planted,cc_pl_pct,0.078993153077767
27,0,0,0,985503000,unmanaged,planted,cc_pl,0.297907188102052
28,0,0,0,985503000,managed,planted,cc_pl,0.297907188102052
29,0,0,0,985503000,managed,planted,cc_pl_pct,0.297907188102052
30,0,0,0,985502001,unmanaged,planted,cc_pl,0.063746865421162
31,0,0,0,985502001,managed,planted,cc_pl,0.063746865421162
32,0,0,0,985502001,managed,planted,cc_pl_pct,0.063746865421162
33,0,0,0,985503003,unmanaged,natural,baseline,0.101176883880507
34,0,0,0,985503003,managed,natural,baseline,0.101176883880507
35,0,0,0,985503003,managed,planted,cc_pl,0.101176883880507
36,0,0,0,985502002,unmanaged,natural,baseline,0.035
37,0,0,0,985502002,managed,natural,baseline,0.035
38,0,0,0,985502002,managed,planted,cc_pl,0.035
39,0,0,0,985501000,unmanaged,natural,baseline,0.294339873260526
40,0,0,0,985501000,managed,natural,baseline,0.294339873260526
41,0,0,0,985501000,managed,planted,cc_pl,0.294339873260526
42,0,0,0,985502003,unmanaged,natural,baseline,0.670257292405503
43,0,0,0,985502003,managed,natural,baseline,0.670257292405503
44,0,0,0,985502003,managed,planted,cc_pl,0.670257292405503
45,0,0,0,985503001,unmanaged,planted,cc_pl,0.035
46,0,0,0,985503001,managed,planted,cc_pl,0.035
47,0,0,0,985503001,managed,planted,cc_pl_pct,0.035
48,0,0,0,985503000,unmanaged,natural,baseline,0.094658756466889
49,0,0,0,985503000,managed,natural,baseline,0.094658756466889
50,0,0,0,985503000,managed,planted,cc_pl,0.094658756466889
51,0,0,0,985503000,managed,planted,cc_pl_pct,0.094658756466889
52,0,0,0,985501000,unmanaged,natural,baseline,0.083429829930807
53,0,0,0,985501000,managed,natural,baseline,0.083429829930807
54,0,0,0,985501000,managed,planted,cc_pl,0.083429829930807
55,0,0,0,985502006,unmanaged,natural,baseline,1.0
56,0,0,0,985501000,unmanaged,planted,cc_pl,0.340040308561643
57,0,0,0,985501000,managed,planted,cc_pl,0.340040308561643
58,0,0,0,985503000,unmanaged,planted,cc_pl,0.045344228314493
59,0,0,0,985503000,managed,planted,cc_pl,0.045344228314493
60,0,0,0,985503000,managed,planted,cc_pl_pct,0.045344228314493
61,0,0,0,985502007,unmanaged,natural,baseline,0.279581043563297
62,0,0,0,985502007,managed,natural,baseline,0.279581043563297
63,0,0,0,985502007,managed,planted,cc_pl,0.279581043563297
64,0,0,0,985502001,unmanaged,planted,cc_pl,0.035
65,0,0,0,985502001,managed,planted,cc_pl,0.035
66,0,0,0,985502001,managed,planted,cc_pl_pct,0.035
67,0,0,0,985503000,unmanaged,planted,cc_pl,0.161074795426115
68,0,0,0,985503000,managed,planted,cc_pl,0.161074795426115
69,0,0,0,985503000,managed,planted,cc_pl_pct,0.161074795426115
70,0,0,0,985503003,unmanaged,natural,baseline,0.497101452628146
71,0,0,0,985503003,managed,natural,baseline,0.497101452628146
72,0,0,0,985503003,managed,planted,cc_pl,0.497101452628146
73,0,0,0,985501001,unmanaged,natural,baseline,0.040950023928988
74,0,0,0,985501001,managed,natural,baseline,0.040950023928988
75,0,0,0,985501001,managed,planted,cc_pl,0.040950023928988
76,0,0,0,985501003,unmanaged,natural,baseline,0.795168603959491
77,0,0,0,985501003,managed,natural,baseline,0.795168603959491
78,0,0,0,985501003,managed,planted,cc_pl,0.795168603959491
79,0,0,0,985502003,unmanaged,natural,baseline,0.035
80,0,0,0,985502003,managed,natural,baseline,0.035
81,0,0,0,985502003,managed,planted,cc_pl,0.035
82,0,0,0,985502002,unmanaged,planted,cc_pl,0.035
83,0,0,0,985503000,unmanaged,planted,cc_pl,0.047770491905831
84,0,0,0,985503000,managed,planted,cc_pl,0.047770491905831
85,0,0,0,985503000,managed,planted,cc_pl_pct,0.047770491905831
86,0,0,0,985501000,unmanaged,natural,baseline,0.226425461344206
87,0,0,0,985501000,managed,natural,baseline,0.226425461344206
88,0,0,0,985501000,managed,planted,cc_pl,0.226425461344206
89,0,0,0,985501001,unmanaged,planted,cc_pl,0.035
90,0,0,0,985501001,managed,planted,cc_pl,0.035
91,0,0,0,985501000,unmanaged,natural,baseline,0.035
92,0,0,0,985501000,managed,natural,baseline,0.035
93,0,0,0,985501003,unmanaged,natural,baseline,0.089446694663384
94,0,0,0,985501003,managed,natural,baseline,0.089446694663384
95,0,0,0,985501003,managed,planted,cc_pl,0.089446694663384
96,0,0,0,985502004,unmanaged,planted,cc_pl,0.179126780072567
97,0,0,0,985502004,managed,planted,cc_pl,0.179126780072567
98,0,0,0,985501001,unmanaged,planted,cc_pl,0.11179494433963
99,0,0,0,985501001,managed,planted,cc_pl,0.11179494433963
100,0,0,0,985503003,unmanaged,natural,baseline,0.035
101,0,0,0,985503003,managed,natural,baseline,0.035
102,0,0,0,985503003,managed,planted,cc_pl,0.035
103,0,0,0,985502002,unmanaged,natural,baseline,0.825222811817728
104,0,0,0,985502002,managed,natural,baseline,0.825222811817728
105,0,0,0,985502002,managed,planted,cc_pl,0.825222811817728
106,0,0,0,985502004,unmanaged,planted,cc_pl,0.715073525371983
107,0,0,0,985502004,managed,planted,cc_pl,0.715073525371983
108,0,0,0,985502004,unmanaged,planted,cc_pl,0.565949293976324
109,0,0,0,985502004,managed,planted,cc_pl,0.565949293976324
110,0,0,0,985501001,unmanaged,planted,cc_pl,0.177146481856507
111,0,0,0,985501001,managed,planted,cc_pl,0.177146481856507
112,0,0,0,985502002,unmanaged,natural,baseline,0.282280865427848
113,0,0,0,985502002,managed,natural,baseline,0.282280865427848
114,0,0,0,985502002,managed,planted,cc_pl,0.282280865427848
115,0,0,0,985502008,unmanaged,natural,baseline,1.0
116,0,0,0,985503000,unmanaged,natural,baseline,0.035
117,0,0,0,985503000,managed,natural,baseline,0.035
118,0,0,0,985502002,unmanaged,natural,baseline,0.281513567409352
119,0,0,0,985502002,managed,natural,baseline,0.281513567409352
120,0,0,0,985502002,managed,planted,cc_pl,0.281513567409352
121,0,0,0,985503000,unmanaged,planted,cc_pl,0.595791786279342
122,0,0,0,985503000,managed,planted,cc_pl,0.595791786279342
123,0,0,0,985503000,managed,planted,cc_pl_pct,0.595791786279342
124,0,0,0,985503000,unmanaged,planted,cc_pl,0.501422323682337
125,0,0,0,985503000,managed,planted,cc_pl,0.501422323682337
126,0,0,0,985503000,managed,planted,cc_pl_pct,0.501422323682337
127,0,0,0,985501000,unmanaged,planted,cc_pl,0.122079092444068
128,0,0,0,985501000,managed,planted,cc_pl,0.122079092444068
129,0,0,0,985502002,unmanaged,natural,baseline,0.162590585993911
130,0,0,0,985502002,managed,natural,baseline,0.162590585993911
131,0,0,0,985502002,managed,planted,cc_pl,0.162590585993911
132,0,0,0,985502001,unmanaged,natural,baseline,0.326381380930685
133,0,0,0,985502001,managed,natural,baseline,0.326381380930685
134,0,0,0,985502001,managed,planted,cc_pl,0.326381380930685
135,0,0,0,985502001,managed,planted,cc_pl_pct,0.326381380930685
136,0,0,0,985501001,unmanaged,natural,baseline,1.0
137,0,0,0,985503000,unmanaged,planted,cc_pl,0.581197300518106
138,0,0,0,985503000,managed,planted,cc_pl,0.581197300518106
139,0,0,0,985503000,managed,planted,cc_pl_pct,0.581197300518106
140,0,0,0,985502002,unmanaged,planted,cc_pl,0.223464870626845
141,0,0,0,985502002,managed,planted,cc_pl,0.223464870626845
142,0,0,0,985501000,unmanaged,natural,baseline,0.078365529059234
143,0,0,0,985501000,managed,natural,baseline,0.078365529059234
144,0,0,0,985501000,managed,planted,cc_pl,0.078365529059234
145,0,0,0,985503000,unmanaged,planted,cc_pl,0.691962124571385
146,0,0,0,985503000,managed,planted,cc_pl,0.691962124571385
147,0,0,0,985503000,managed,planted,cc_pl_pct,0.691962124571385
148,0,0,0,985503003,unmanaged,natural,baseline,0.610979902530386
149,0,0,0,985503003,managed,natural,baseline,0.610979902530386
150,0,0,0,985503003,managed,planted,cc_pl,0.610979902530386
151,0,0,0,985502002,unmanaged,natural,baseline,0.874630288290976
152,0,0,0,985502002,managed,natural,baseline,0.874630288290976
153,0,0,0,985502002,managed,planted,cc_pl,0.874630288290976
154,0,0,0,985503003,unmanaged,planted,cc_pl,0.035
155,0,0,0,985502003,unmanaged,natural,baseline,0.114577176477186
156,0,0,0,985502003,managed,natural,baseline,0.114577176477186
157,0,0,0,985502003,managed,planted,cc_pl,0.114577176477186
158,0,0,0,985503000,unmanaged,planted,cc_pl,0.301627962835364
159,0,0,0,985503000,managed,planted,cc_pl,0.301627962835364
160,0,0,0,985503000,managed,planted,cc_pl_pct,0.301627962835364
161,0,0,0,985501000,unmanaged,planted,cc_pl,0.070347781261467
162,0,0,0,985501000,managed,planted,cc_pl,0.070347781261467
163,0,0,0,985503000,unmanaged,natural,baseline,0.38787045574894
164,0,0,0,985503000,managed,natural,baseline,0.38787045574894
165,0,0,0,985503000,managed,planted,cc_pl,0.38787045574894
166,0,0,0,985503000,managed,planted,cc_pl_pct,0.38787045574894
167,0,0,0,985502007,unmanaged,natural,baseline,0.318435268261237
168,0,0,0,985502007,managed,natural,baseline,0.318435268261237
169,0,0,0,985502007,managed,planted,cc_pl,0.318435268261237
170,0,0,0,985502002,unmanaged,natural,baseline,0.30017286652235
171,0,0,0,985502002,managed,natural,baseline,0.30017286652235
172,0,0,0,985502002,managed,planted,cc_pl,0.30017286652235
173,0,0,0,985503001,unmanaged,planted,cc_pl,0.215510706603254
174,0,0,0,985503001,managed,planted,cc_pl,0.215510706603254
175,0,0,0,985503001,managed,planted,cc_pl_pct,0.215510706603254
176,0,0,0,985501003,unmanaged,natural,baseline,0.765111328934803
177,0,0,0,985501003,managed,natural,baseline,0.765111328934803
178,0,0,0,985501003,managed,planted,cc_pl,0.765111328934803
179,0,0,0,985502001,unmanaged,planted,cc_pl,0.047528581136063
180,0,0,0,985502001,managed,planted,cc_pl,0.047528581136063
181,0,0,0,985502001,managed,planted,cc_pl_pct,0.047528581136063
182,0,0,0,985502002,unmanaged,natural,baseline,0.145812436284451
183,0,0,0,985502002,managed,natural,baseline,0.145812436284451
184,0,0,0,985502002,managed,planted,cc_pl,0.145812436284451
185,0,0,0,985502008,unmanaged,natural,baseline,0.99
186,0,0,0,985502008,managed,natural,baseline,0.99
187,0,0,0,985502008,managed,planted,cc_pl,0.99
188,0,0,0,985502004,unmanaged,planted,cc_pl,0.882185468875652
189,0,0,0,985502004,managed,planted,cc_pl,0.882185468875652
190,0,0,0,985503000,unmanaged,planted,cc_pl,0.051842828000545
191,0,0,0,985503000,managed,planted,cc_pl,0.051842828000545
192,0,0,0,985503000,managed,planted,cc_pl_pct,0.051842828000545
193,0,0,0,985503000,unmanaged,natural,baseline,0.442500513712955
194,0,0,0,985503000,managed,natural,baseline,0.442500513712955
195,0,0,0,985503000,managed,planted,cc_pl,0.442500513712955
196,0,0,0,985503000,managed,planted,cc_pl_pct,0.442500513712955
197,0,0,0,985501000,unmanaged,planted,cc_pl,0.648827333101125
198,0,0,0,985501000,managed,planted,cc_pl,0.648827333101125
199,0,0,0,985503001,unmanaged,planted,cc_pl,0.144428337899884
200,0,0,0,985503001,managed,planted,cc_pl,0.144428337899884
201,0,0,0,985503001,managed,planted,cc_pl_pct,0.144428337899884
202,0,0,0,985502003,unmanaged,natural,baseline,0.404335644977407
203,0,0,0,985502003,managed,natural,baseline,0.404335644977407
204,0,0,0,985502003,managed,planted,cc_pl,0.404335644977407
205,0,0,0,985501003,unmanaged,natural,baseline,1.0
206,0,0,0,985503000,unmanaged,planted,cc_pl,0.149568075902232
207,0,0,0,985503000,managed,planted,cc_pl,0.149568075902232
208,0,0,0,985503000,managed,planted,cc_pl_pct,0.149568075902232
209,0,0,0,985502001,unmanaged,planted,cc_pl,0.046376978165406
210,0,0,0,985502001,managed,planted,cc_pl,0.046376978165406
211,0,0,0,985502001,managed,planted,cc_pl_pct,0.046376978165406
212,0,0,0,985502004,unmanaged,planted,cc_pl,0.661131377675157
213,0,0,0,985502004,managed,planted,cc_pl,0.661131377675157
214,0,0,0,985503003,unmanaged,natural,baseline,0.494232493334407
215,0,0,0,985503003,managed,natural,baseline,0.494232493334407
216,0,0,0,985503003,managed,planted,cc_pl,0.494232493334407
217,0,0,0,985503000,unmanaged,planted,cc_pl,0.937094606722601
218,0,0,0,985503000,managed,planted,cc_pl,0.937094606722601
219,0,0,0,985503000,managed,planted,cc_pl_pct,0.937094606722601
220,0,0,0,985503003,unmanaged,planted,cc_pl,0.044747027281018
221,0,0,0,985503003,managed,planted,cc_pl,0.044747027281018
222,0,0,0,985503001,unmanaged,planted,cc_pl,0.072316093064927
223,0,0,0,985503001,managed,planted,cc_pl,0.072316093064927
224,0,0,0,985503001,managed,planted,cc_pl_pct,0.072316093064927
225,0,0,0,985503000,unmanaged,planted,cc_pl,0.374414632392907
226,0,0,0,985503000,managed,planted,cc_pl,0.374414632392907
227,0,0,0,985503000,managed,planted,cc_pl_pct,0.374414632392907
228,0,0,0,985501001,unmanaged,natural,baseline,0.035
229,0,0,0,985501001,managed,natural,baseline,0.035
230,0,0,0,985501001,unmanaged,natural,baseline,0.083839292567014
231,0,0,0,985501001,managed,natural,baseline,0.083839292567014
232,0,0,0,985501001,managed,planted,cc_pl,0.083839292567014
233,0,0,0,985503000,unmanaged,natural,baseline,0.207666800176193
234,0,0,0,985503000,managed,natural,baseline,0.207666800176193
235,0,0,0,985503000,managed,planted,cc_pl,0.207666800176193
236,0,0,0,985503000,managed,planted,cc_pl_pct,0.207666800176193
237,0,0,0,985502004,unmanaged,planted,cc_pl,0.688008632091097
238,0,0,0,985502004,managed,planted,cc_pl,0.688008632091097
239,0,0,0,985503001,unmanaged,planted,cc_pl,0.346509070480962
240,0,0,0,985503001,managed,planted,cc_pl,0.346509070480962
241,0,0,0,985503001,managed,planted,cc_pl_pct,0.346509070480962
242,0,0,0,985503000,unmanaged,planted,cc_pl,0.153269833161428
243,0,0,0,985503000,managed,planted,cc_pl,0.153269833161428
244,0,0,0,985503000,managed,planted,cc_pl_pct,0.153269833161428
245,0,0,0,985502003,unmanaged,planted,cc_pl,0.314062835092469
246,0,0,0,985502003,managed,planted,cc_pl,0.314062835092469
247,0,0,0,985502004,unmanaged,planted,cc_pl,0.270071285180665
248,0,0,0,985502004,managed,planted,cc_pl,0.270071285180665
249,0,0,0,985502002,unmanaged,natural,baseline,0.811866701682445
250,0,0,0,985502002,managed,natural,baseline,0.811866701682445
251,0,0,0,985502002,managed,planted,cc_pl,0.811866701682445
252,0,0,0,985503003,unmanaged,natural,baseline,0.087739129426273
253,0,0,0,985503003,managed,natural,baseline,0.087739129426273
254,0,0,0,985503003,managed,planted,cc_pl,0.087739129426273
255,0,0,0,985502004,unmanaged,planted,cc_pl,0.576205377358853
256,0,0,0,985502004,managed,planted,cc_pl,0.576205377358853
257,0,0,0,985501000,unmanaged,natural,baseline,0.228867422610761
258,0,0,0,985501000,managed,natural,baseline,0.228867422610761
259,0,0,0,985501000,managed,planted,cc_pl,0.228867422610761
260,0,0,0,985502005,unmanaged,natural,baseline,0.28031497264675
261,0,0,0,985502005,managed,natural,baseline,0.28031497264675
262,0,0,0,985502005,managed,planted,cc_pl,0.28031497264675
263,0,0,0,985503003,unmanaged,natural,baseline,0.144298309458217
264,0,0,0,985503003,managed,natural,baseline,0.144298309458217
265,0,0,0,985503003,managed,planted,cc_pl,0.144298309458217
266,0,0,0,985502007,unmanaged,natural,baseline,0.140458869078009
267,0,0,0,985502007,managed,natural,baseline,0.140458869078009
268,0,0,0,985502007,managed,planted,cc_pl,0.140458869078009
269,0,0,0,985502006,unmanaged,natural,baseline,0.99
270,0,0,0,985502006,managed,natural,baseline,0.99
271,0,0,0,985502006,managed,planted,cc_pl,0.99
272,0,0,0,985502007,unmanaged,natural,baseline,0.180154264313365
273,0,0,0,985502007,managed,natural,baseline,0.180154264313365
274,0,0,0,985502007,managed,planted,cc_pl,0.180154264313365
275,0,0,0,985503001,unmanaged,planted,cc_pl,0.052357027640407
276,0,0,0,985503001,managed,planted,cc_pl,0.052357027640407
277,0,0,0,985503001,managed,planted,cc_pl_pct,0.052357027640407
278,0,0,0,985501000,unmanaged,planted,cc_pl,0.574279042279409
279,0,0,0,985501000,managed,planted,cc_pl,0.574279042279409
280,0,0,0,985501000,unmanaged,natural,baseline,0.112373765353201
281,0,0,0,985501000,managed,natural,baseline,0.112373765353201
282,0,0,0,985501000,managed,planted,cc_pl,0.112373765353201
283,0,0,0,985501001,unmanaged,natural,baseline,0.448147897409673
284,0,0,0,985501001,managed,natural,baseline,0.448147897409673
285,0,0,0,985501001,managed,planted,cc_pl,0.448147897409673
286,0,0,0,985503000,unmanaged,natural,baseline,0.073003775770929
287,0,0,0,985503000,managed,natural,baseline,0.073003775770929
288,0,0,0,985503000,managed,planted,cc_pl,0.073003775770929
289,0,0,0,985503000,managed,planted,cc_pl_pct,0.073003775770929
290,0,0,0,985502005,unmanaged,planted,cc_pl,0.035
291,0,0,0,985502005,managed,planted,cc_pl,0.035
292,0,0,0,985502003,unmanaged,natural,baseline,0.197818404376291
293,0,0,0,985502003,managed,natural,baseline,0.197818404376291
294,0,0,0,985502003,managed,planted,cc_pl,0.197818404376291
295,0,0,0,985503003,unmanaged,natural,baseline,0.055424831392087
296,0,0,0,985503003,managed,natural,baseline,0.055424831392087
297,0,0,0,985503003,managed,planted,cc_pl,0.055424831392087
298,0,0,0,985501000,unmanaged,planted,cc_pl,0.117160185966314
299,0,0,0,985501000,managed,planted,cc_pl,0.117160185966314
300,0,0,0,985502004,unmanaged,planted,cc_pl,0.035
301,0,0,0,985502004,managed,planted,cc_pl,0.035
302,0,0,0,985501000,unmanaged,natural,baseline,0.309982310881903
303,0,0,0,985501000,managed,natural,baseline,0.309982310881903
304,0,0,0,985501000,managed,planted,cc_pl,0.309982310881903
305,0,0,0,985503000,unmanaged,planted,cc_pl,0.069926054133852
306,0,0,0,985503000,managed,planted,cc_pl,0.069926054133852
307,0,0,0,985503000,managed,planted,cc_pl_pct,0.069926054133852
308,0,0,0,985503000,unmanaged,planted,cc_pl,0.076384733315972
309,0,0,0,985503000,managed,planted,cc_pl,0.076384733315972
310,0,0,0,985503000,managed,planted,cc_pl_pct,0.076384733315972
311,0,0,0,985501000,unmanaged,natural,baseline,0.257208353638426
312,0,0,0,985501000,managed,natural,baseline,0.257208353638426
313,0,0,0,985501000,managed,planted,cc_pl,0.257208353638426
314,0,0,0,985502005,unmanaged,planted,cc_pl,0.793822489716033
315,0,0,0,985502005,managed,planted,cc_pl,0.793822489716033
316,0,0,0,985502001,unmanaged,planted,cc_pl,0.103674899822976
317,0,0,0,985502001,managed,planted,cc_pl,0.103674899822976
318,0,0,0,985502001,managed,planted,cc_pl_pct,0.103674899822976
319,0,0,0,985503000,unmanaged,planted,cc_pl,0.057265426181755
320,0,0,0,985503000,managed,planted,cc_pl,0.057265426181755
321,0,0,0,985503000,managed,planted,cc_pl_pct,0.057265426181755
322,0,0,0,985503000,unmanaged,planted,cc_pl,0.161721782385957
323,0,0,0,985503000,managed,planted,cc_pl,0.161721782385957
324,0,0,0,985503000,managed,planted,cc_pl_pct,0.161721782385957
325,0,0,0,985503001,unmanaged,natural,baseline,0.035
326,0,0,0,985503001,managed,natural,baseline,0.035
327,0,0,0,985503000,unmanaged,natural,baseline,0.211048640449287
328,0,0,0,985503000,managed,natural,baseline,0.211048640449287
329,0,0,0,985503000,managed,planted,cc_pl,0.211048640449287
330,0,0,0,985503000,managed,planted,cc_pl_pct,0.211048640449287
331,0,0,0,985501001,unmanaged,planted,cc_pl,0.492819712944452
332,0,0,0,985501001,managed,planted,cc_pl,0.492819712944452
333,0,0,0,985503001,unmanaged,planted,cc_pl,0.366819716152041
334,0,0,0,985503001,managed,planted,cc_pl,0.366819716152041
335,0,0,0,985503001,managed,planted,cc_pl_pct,0.366819716152041
336,0,0,0,985501000,unmanaged,planted,cc_pl,0.05468673168752
337,0,0,0,985501000,managed,planted,cc_pl,0.05468673168752
338,0,0,0,985502003,unmanaged,natural,baseline,1.0
339,0,0,0,985502003,unmanaged,natural,baseline,0.611896918097674
340,0,0,0,985502003,managed,natural,baseline,0.611896918097674
341,0,0,0,985502003,managed,planted,cc_pl,0.611896918097674
342,0,0,0,985503003,unmanaged,natural,baseline,0.087430024345165
343,0,0,0,985503003,managed,natural,baseline,0.087430024345165
344,0,0,0,985503003,managed,planted,cc_pl,0.087430024345165
345,0,0,0,985502001,unmanaged,natural,baseline,0.421533607959446
346,0,0,0,985502001,managed,natural,baseline,0.421533607959446
347,0,0,0,985502001,managed,planted,cc_pl,0.421533607959446
348,0,0,0,985502001,managed,planted,cc_pl_pct,0.421533607959446
349,0,0,0,985503000,unmanaged,planted,cc_pl,0.044910862062989
350,0,0,0,985503000,managed,planted,cc_pl,0.044910862062989
351,0,0,0,985503000,managed,planted,cc_pl_pct,0.044910862062989
>>>>>>> efc06db00839ec5c562c646de9a049e2f302b35e
